douban_id,title,rating,rating_count,introduction,introduction_source,source_url,collected_at
1292052,肖申克的救赎,9.7,3324390,希望让人自由。,inq,https://movie.douban.com/subject/1292052/,2026-08-29 14:59:21
1291546,霸王别姬,9.6,2449873,风华绝代。,inq,https://movie.douban.com/subject/1291546/,2026-08-29 14:59:21
1292722,泰坦尼克号,9.5,2527111,失去的才是永恒的。,inq,https://movie.douban.com/subject/1292722/,2026-08-29 14:59:21
1292720,阿甘正传,9.5,2454680,一部美国近现代史。,inq,https://movie.douban.com/subject/1292720/,2026-08-29 14:59:21
1291561,千与千寻,9.4,2566038,最好的宫崎骏，最好的久石让。,inq,https://movie.douban.com/subject/1291561/,2026-08-29 14:59:21
1889243,星际穿越,9.4,2221054,爱是一种力量，让我们超越时空感知它的存在。,inq,https://movie.douban.com/subject/1889243/,2026-08-29 14:59:21
1292063,美丽人生,9.5,1496812,最美的谎言。,inq,https://movie.douban.com/subject/1292063/,2026-08-29 14:59:21
1295644,这个杀手不太冷,9.4,2574508,怪蜀黍和小萝莉不得不说的故事。,inq,https://movie.douban.com/subject/1295644/,2026-08-29 14:59:21
3541415,盗梦空间,9.4,2353522,诺兰给了我们一场无法盗取的梦。,inq,https://movie.douban.com/subject/3541415/,2026-08-29 14:59:21
1292064,楚门的世界,9.4,2047272,如果再也不能见到你，祝你早安，午安，晚安。,inq,https://movie.douban.com/subject/1292064/,2026-08-29 14:59:21
1295124,辛德勒的名单,9.5,1259163,拯救一个人，就是拯救整个世界。,inq,https://movie.douban.com/subject/1295124/,2026-08-29 14:59:21
3011091,忠犬八公的故事,9.4,1557265,永远都不能忘记你所爱的人。,inq,https://movie.douban.com/subject/3011091/,2026-08-29 14:59:21
1292001,海上钢琴师,9.3,1897986,每个人都要走一条自己坚定了的路，就算是粉身碎骨。,inq,https://movie.douban.com/subject/1292001/,2026-08-29 14:59:21
25662329,疯狂动物城,9.3,2352723,迪士尼给我们营造的乌托邦就是这样，永远善良勇敢，永远出乎意料。,inq,https://movie.douban.com/subject/25662329/,2026-08-29 14:59:21
3793023,三傻大闹宝莱坞,9.2,2099487,英俊版憨豆，高情商版谢耳朵。,inq,https://movie.douban.com/subject/3793023/,2026-08-29 14:59:21
2131459,机器人总动员,9.3,1519637,小瓦力，大人生。,inq,https://movie.douban.com/subject/2131459/,2026-08-29 14:59:21
1291549,放牛班的春天,9.3,1489262,天籁一般的童声，是最接近上帝的存在。,inq,https://movie.douban.com/subject/1291549/,2026-08-29 14:59:21
1307914,无间道,9.3,1584531,香港电影史上永不过时的杰作。,inq,https://movie.douban.com/subject/1307914/,2026-08-29 14:59:21
1296141,控方证人,9.6,759686,比利·怀德满分作品。,inq,https://movie.douban.com/subject/1296141/,2026-08-29 14:59:21
20495023,寻梦环游记,9.1,2021298,死亡不是真的逝去，遗忘才是永恒的消亡。,inq,https://movie.douban.com/subject/20495023/,2026-08-29 14:59:21
1292213,大话西游之大圣娶亲,9.2,1728139,一生所爱。,inq,https://movie.douban.com/subject/1292213/,2026-08-29 14:59:21
5912992,熔炉,9.3,1045144,我们一路奋战不是为了改变世界，而是为了不让世界改变我们。,inq,https://movie.douban.com/subject/5912992/,2026-08-29 14:59:21
6786002,触不可及,9.3,1311968,满满温情的高雅喜剧。,inq,https://movie.douban.com/subject/6786002/,2026-08-29 14:59:21
1291841,教父,9.3,1121154,千万不要记恨你的对手，这样会让你失去理智。,inq,https://movie.douban.com/subject/1291841/,2026-08-29 14:59:21
1295038,哈利·波特与魔法石,9.2,1443729,童话世界的开端。,inq,https://movie.douban.com/subject/1295038/,2026-08-29 14:59:21
1293172,末代皇帝,9.3,1041923,“不要跟我比惨，我比你更惨”再适合这部电影不过了。,inq,https://movie.douban.com/subject/1293172/,2026-08-29 14:59:25
1849031,当幸福来敲门,9.1,1704558,平民励志片。,inq,https://movie.douban.com/subject/1849031/,2026-08-29 14:59:25
1291560,龙猫,9.2,1425570,人人心中都有个龙猫，童年就永远不会消失。,inq,https://movie.douban.com/subject/1291560/,2026-08-29 14:59:25
1292365,活着,9.3,982412,张艺谋最好的电影。,inq,https://movie.douban.com/subject/1292365/,2026-08-29 14:59:25
3319755,怦然心动,9.1,2071975,真正的幸福是来自内心深处。,inq,https://movie.douban.com/subject/3319755/,2026-08-29 14:59:25
1851857,蝙蝠侠：黑暗骑士,9.2,1209843,无尽的黑暗。,inq,https://movie.douban.com/subject/1851857/,2026-08-29 14:59:25
1291552,指环王3：王者无敌,9.3,922073,史诗的终章。,inq,https://movie.douban.com/subject/1291552/,2026-08-29 14:59:25
26752088,我不是药神,9.0,2377480,对我们国家而言，这样的电影多一部是一部。,inq,https://movie.douban.com/subject/26752088/,2026-08-29 14:59:25
1300267,乱世佳人,9.3,806804,Tomorrow is another day.,inq,https://movie.douban.com/subject/1300267/,2026-08-29 14:59:25
3742360,让子弹飞,9.0,1940069,你给我翻译翻译，神马叫做TMD的惊喜。,inq,https://movie.douban.com/subject/3742360/,2026-08-29 14:59:25
2129039,飞屋环游记,9.1,1518962,最后那些最无聊的事情，才是最值得怀念的。,inq,https://movie.douban.com/subject/2129039/,2026-08-29 14:59:25
1308807,哈尔的移动城堡,9.1,1311082,带着心爱的人在天空飞翔。,inq,https://movie.douban.com/subject/1308807/,2026-08-29 14:59:25
1293182,十二怒汉,9.4,587721,1957年的理想主义。,inq,https://movie.douban.com/subject/1293182/,2026-08-29 14:59:25
25958717,海蒂和爷爷,9.3,799416,如果生活中有什么使你感到快乐，那就去做吧！不要管别人说什么。,inq,https://movie.douban.com/subject/25958717/,2026-08-29 14:59:25
21937452,素媛,9.3,784919,受过伤害的人总是笑得最开心，因为他们不愿意让身边的人承受一样的痛苦。,inq,https://movie.douban.com/subject/21937452/,2026-08-29 14:59:25
1305487,猫鼠游戏,9.1,1228643,骗子大师和执著警探的你追我跑故事。,inq,https://movie.douban.com/subject/1305487/,2026-08-29 14:59:25
1291583,天空之城,9.2,1020448,对天空的追逐，永不停止。,inq,https://movie.douban.com/subject/1291583/,2026-08-29 14:59:25
1291858,鬼子来了,9.3,724824,对敌人的仁慈，就是对自己残忍。,inq,https://movie.douban.com/subject/1291858/,2026-08-29 14:59:25
26387939,摔跤吧！爸爸,9.0,1764953,你不是在为你一个人战斗，你要让千千万万的女性看到女生并不是只能相夫教子。,inq,https://movie.douban.com/subject/26387939/,2026-08-29 14:59:25
1929463,少年派的奇幻漂流,9.1,1503701,瑰丽壮观、无人能及的冒险之旅。,inq,https://movie.douban.com/subject/1929463/,2026-08-29 14:59:25
1296736,钢琴家,9.3,759758,导演: 罗曼·波兰斯基 Roman Polanski 主演: 艾德里安·布洛迪 Adrien Brod... 2002 / 英国 法国 波兰 德国 美国 / 剧情 传记 战争 音乐,metadata,https://movie.douban.com/subject/1296736/,2026-08-29 14:59:25
1291548,死亡诗社,9.2,898586,当一个死水般的体制内出现一个活跃的变数时，所有的腐臭都站在了光明的对面。,inq,https://movie.douban.com/subject/1291548/,2026-08-29 14:59:25
1291572,指环王2：双塔奇兵,9.2,868776,承前启后的史诗篇章。,inq,https://movie.douban.com/subject/1291572/,2026-08-29 14:59:25
1299398,大话西游之月光宝盒,9.0,1382619,导演: 刘镇伟 Jeffrey Lau 主演: 周星驰 Stephen Chow / 吴孟达 Man Tat Ng... 1995 / 中国香港 中国大陆 / 喜剧 爱情 奇幻 古装,metadata,https://movie.douban.com/subject/1299398/,2026-08-29 14:59:25
27060077,绿皮书,8.9,1916676,去除成见，需要勇气。,inq,https://movie.douban.com/subject/27060077/,2026-08-29 14:59:25
30170448,何以为家,9.1,1172822,凝视卑弱生命，用电影改变命运。,inq,https://movie.douban.com/subject/30170448/,2026-08-29 14:59:30
1298624,闻香识女人,9.1,1035049,导演: 马丁·布莱斯 Martin Brest 主演: 阿尔·帕西诺 Al Pacino / 克里斯... 1992 / 美国 / 剧情,metadata,https://movie.douban.com/subject/1298624/,2026-08-29 14:59:30
1418019,大闹天宫,9.4,517129,导演: 万籁鸣 Laiming Wan 主演: 邱岳峰 Yuefeng Qiu / 富润生 Runsheng Fu... 1961(中国大陆) / 1964(中国大陆) / 1978(中国大陆) / 中国大陆 / 剧情 动画 奇幻 古装,metadata,https://movie.douban.com/subject/1418019/,2026-08-29 14:59:30
1291843,黑客帝国,9.1,963380,导演: 安迪·沃卓斯基 Andy Wachowski / 拉娜·沃卓斯基 Lana Wachowski 主... 1999 / 美国 / 动作 科幻,metadata,https://movie.douban.com/subject/1291843/,2026-08-29 14:59:30
1291571,指环王1：护戒使者,9.1,972863,导演: 彼得·杰克逊 Peter Jackson 主演: 伊利亚·伍德 Elijah Wood / 西恩... 2001 / 新西兰 美国 英国 / 剧情 动作 奇幻 冒险,metadata,https://movie.douban.com/subject/1291571/,2026-08-29 14:59:30
1293839,罗马假日,9.1,1058094,导演: 威廉·惠勒 William Wyler 主演: 奥黛丽·赫本 Audrey Hepburn / 格... 1953 / 美国 / 喜剧 剧情 爱情,metadata,https://movie.douban.com/subject/1293839/,2026-08-29 14:59:30
1299131,教父2,9.3,649622,导演: 弗朗西斯·福特·科波拉 Francis Ford Coppola 主演: 阿尔·帕西诺 A... 1974 / 美国 / 剧情 犯罪,metadata,https://movie.douban.com/subject/1299131/,2026-08-29 14:59:30
1301753,狮子王,9.1,972812,导演: Roger Allers / 罗伯·明可夫 Rob Minkoff 主演: 乔纳森·泰勒·托马... 1994 / 美国 / 动画 冒险 歌舞,metadata,https://movie.douban.com/subject/1301753/,2026-08-29 14:59:30
1291828,天堂电影院,9.2,749090,导演: 朱塞佩·托纳多雷 Giuseppe Tornatore 主演: 菲利普·努瓦雷 Philipp... 1988 / 意大利 法国 / 剧情 爱情,metadata,https://movie.douban.com/subject/1291828/,2026-08-29 14:59:30
1291818,饮食男女,9.2,737202,导演: 李安 Ang Lee 主演: 郎雄 Sihung Lung / 杨贵媚 Kuei-Mei Yang / 吴... 1994 / 中国台湾 美国 / 剧情 家庭,metadata,https://movie.douban.com/subject/1291818/,2026-08-29 14:59:30
21937445,辩护人,9.2,663671,电影的现实意义大过电影本身。,inq,https://movie.douban.com/subject/21937445/,2026-08-29 14:59:30
1485260,本杰明·巴顿奇事,9.0,1117144,在时间之河里感受溺水之苦。,inq,https://movie.douban.com/subject/1485260/,2026-08-29 14:59:30
1292000,搏击俱乐部,9.0,991122,导演: 大卫·芬奇 David Fincher 主演: 爱德华·诺顿 Edward Norton / 布拉... 1999 / 美国 / 剧情 动作 悬疑 惊悚,metadata,https://movie.douban.com/subject/1292000/,2026-08-29 14:59:30
1306029,美丽心灵,9.1,861022,导演: 朗·霍华德 Ron Howard 主演: 罗素·克劳 Russell Crowe / 艾德·哈... 2001 / 美国 / 传记 剧情,metadata,https://movie.douban.com/subject/1306029/,2026-08-29 14:59:30
3008247,穿条纹睡衣的男孩,9.2,649191,尽管有些不切实际的幻想，这部电影依旧是一部感人肺腑的佳作。,inq,https://movie.douban.com/subject/3008247/,2026-08-29 14:59:30
3011235,哈利·波特与死亡圣器(下),9.0,984040,10年的完美句点。,inq,https://movie.douban.com/subject/3011235/,2026-08-29 14:59:30
1291543,功夫,8.9,1362833,警恶惩奸，维护世界和平这个任务就交给你了，好吗？,inq,https://movie.douban.com/subject/1291543/,2026-08-29 14:59:30
1293350,两杆大烟枪,9.1,687007,导演: 盖·里奇 Guy Ritchie 主演: 杰森·弗莱明 Jason Flemyng / 德克斯特... 1998 / 英国 / 剧情 喜剧 犯罪,metadata,https://movie.douban.com/subject/1293350/,2026-08-29 14:59:30
1292220,情书,8.9,1343070,导演: 岩井俊二 Shunji Iwai 主演: 中山美穗 Miho Nakayama / 丰川悦司 Ets... 1995 / 日本 / 剧情 爱情,metadata,https://movie.douban.com/subject/1292220/,2026-08-29 14:59:30
1900841,窃听风暴,9.2,638931,别样人生。,inq,https://movie.douban.com/subject/1900841/,2026-08-29 14:59:30
1294408,音乐之声,9.1,692859,导演: 罗伯特·怀斯 Robert Wise 主演: 朱莉·安德鲁斯 Julie Andrews / 克... 1965 / 美国 / 剧情 传记 爱情 歌舞,metadata,https://movie.douban.com/subject/1294408/,2026-08-29 14:59:30
1291544,哈利·波特与阿兹卡班的囚徒,9.0,905352,不一样的导演，不一样的哈利·波特。,inq,https://movie.douban.com/subject/1291544/,2026-08-29 14:59:30
1652587,阿凡达,8.8,1601906,绝对意义上的美轮美奂。,inq,https://movie.douban.com/subject/1652587/,2026-08-29 14:59:30
1292402,西西里的美丽传说,8.9,1104381,导演: 朱塞佩·托纳多雷 Giuseppe Tornatore 主演: 莫妮卡·贝鲁奇 Monica ... 2000 / 意大利 美国 / 剧情 战争 情色,metadata,https://movie.douban.com/subject/1292402/,2026-08-29 14:59:30
26580232,看不见的客人,8.8,1458103,你以为你以为的就是你以为的。,inq,https://movie.douban.com/subject/26580232/,2026-08-29 14:59:30
1292849,拯救大兵瑞恩,9.1,736013,导演: 史蒂文·斯皮尔伯格 Steven Spielberg 主演: 汤姆·汉克斯 Tom Hanks... 1998 / 美国 / 剧情 战争,metadata,https://movie.douban.com/subject/1292849/,2026-08-29 14:59:34
1293544,沉默的羔羊,8.9,1029187,导演: 乔纳森·戴米 Jonathan Demme 主演: 朱迪·福斯特 Jodie Foster / 安... 1991 / 美国 / 剧情 犯罪 惊悚,metadata,https://movie.douban.com/subject/1293544/,2026-08-29 14:59:34
1303021,小鞋子,9.2,473862,导演: 马基德·马基迪 Majid Majidi 主演: 默罕默德·阿米尔·纳吉 Mohamma... 1997 / 伊朗 / 剧情 儿童 家庭,metadata,https://movie.douban.com/subject/1303021/,2026-08-29 14:59:34
1292343,蝴蝶效应,8.9,1083005,人的命运被自己瞬间的抉择改变。,inq,https://movie.douban.com/subject/1292343/,2026-08-29 14:59:34
36445098,还有明天,9.3,388424,导演: 宝拉·柯特莱西 Paola Cortellesi 主演: 宝拉·柯特莱西 Paola Corte... 2023 / 意大利 / 剧情 喜剧 历史,metadata,https://movie.douban.com/subject/36445098/,2026-08-29 14:59:34
11525673,布达佩斯大饭店,8.9,1099551,小清新的故事里注入了大历史的情怀。,inq,https://movie.douban.com/subject/11525673/,2026-08-29 14:59:34
1292224,飞越疯人院,9.1,611656,导演: 米洛斯·福尔曼 Miloš Forman 主演: 杰克·尼科尔森 Jack Nichols... 1975 / 美国 / 剧情,metadata,https://movie.douban.com/subject/1292224/,2026-08-29 14:59:34
2334904,禁闭岛,8.9,1129518,昔日翩翩少年，今日大腹便便。,inq,https://movie.douban.com/subject/2334904/,2026-08-29 14:59:34
1292656,心灵捕手,9.0,826086,导演: 格斯·范·桑特 Gus Van Sant 主演: 马特·达蒙 Matt Damon / 罗宾·... 1997 / 美国 / 剧情,metadata,https://movie.douban.com/subject/1292656/,2026-08-29 14:59:34
1780330,致命魔术,8.9,978361,孪生蝙蝠侠大战克隆金刚狼。,inq,https://movie.douban.com/subject/1780330/,2026-08-29 14:59:34
1291832,低俗小说,8.9,973084,导演: 昆汀·塔伦蒂诺 Quentin Tarantino 主演: 约翰·特拉沃尔塔 John Tra... 1994 / 美国 / 剧情 喜剧 犯罪,metadata,https://movie.douban.com/subject/1291832/,2026-08-29 14:59:34
1296996,哈利·波特与密室,8.9,932329,导演: Chris Columbus 主演: 丹尼尔·雷德克里夫 Daniel Radcliffe / 艾玛... 2002 / 英国 美国 / 奇幻 冒险,metadata,https://movie.douban.com/subject/1296996/,2026-08-29 14:59:34
1292434,一一,9.1,526345,导演: 杨德昌 Edward Yang 主演: 吴念真 / 李凯莉 Kelly Lee / 金燕玲 Elai... 2000 / 中国台湾 日本 / 剧情 爱情 家庭,metadata,https://movie.douban.com/subject/1292434/,2026-08-29 14:59:34
5322596,超脱,9.0,734275,穷尽一生，我们要学会的，不过是彼此拥抱。,inq,https://movie.douban.com/subject/5322596/,2026-08-29 14:59:34
1302425,喜剧之王,8.8,1113717,导演: 周星驰 Stephen Chow / 李力持 Lik-Chi Lee 主演: 周星驰 Stephen Ch... 1999 / 中国香港 / 喜剧 剧情 爱情,metadata,https://movie.douban.com/subject/1302425/,2026-08-29 14:59:34
1297192,致命ID,8.9,966339,导演: 詹姆斯·曼高德 James Mangold 主演: 约翰·库萨克 John Cusack / 雷... 2003 / 美国 / 剧情 悬疑 惊悚,metadata,https://movie.douban.com/subject/1297192/,2026-08-29 14:59:34
1300299,杀人回忆,8.9,850875,导演: 奉俊昊 Joon-ho Bong 主演: 宋康昊 Kang-ho Song / 金相庆 Sang-kyun... 2003 / 韩国 / 剧情 动作 犯罪 悬疑 惊悚,metadata,https://movie.douban.com/subject/1300299/,2026-08-29 14:59:34
1294371,摩登时代,9.3,352476,导演: 查理·卓别林 Charles Chaplin 主演: 查理·卓别林 Charles Chaplin ... 1936 / 美国 / 剧情 喜剧 爱情,metadata,https://movie.douban.com/subject/1294371/,2026-08-29 14:59:34
1298070,加勒比海盗,8.9,983063,导演: 戈尔·维宾斯基 Gore Verbinski 主演: 约翰尼·德普 Johnny Depp / ... 2003 / 美国 / 动作 冒险 奇幻,metadata,https://movie.douban.com/subject/1298070/,2026-08-29 14:59:34
1292679,春光乍泄,9.0,717310,导演: 王家卫 Kar Wai Wong 主演: 张国荣 Leslie Cheung / 梁朝伟 Tony Leu... 1997 / 中国香港 日本 韩国 / 剧情 爱情 同性,metadata,https://movie.douban.com/subject/1292679/,2026-08-29 14:59:34
3442220,海豚湾,9.3,385222,海豚的微笑，是世界上最高明的伪装。,inq,https://movie.douban.com/subject/3442220/,2026-08-29 14:59:34
1292262,美国往事,9.1,478825,导演: 赛尔乔·莱翁内 Sergio Leone 主演: 罗伯特·德尼罗 Robert De Niro ... 1984 / 美国 意大利 / 犯罪 剧情,metadata,https://movie.douban.com/subject/1292262/,2026-08-29 14:59:34
1292223,七宗罪,8.8,1079016,导演: 大卫·芬奇 David Fincher 主演: 摩根·弗里曼 Morgan Freeman / 布... 1995 / 美国 / 剧情 犯罪 悬疑 惊悚,metadata,https://movie.douban.com/subject/1292223/,2026-08-29 14:59:34
1865703,红辣椒,9.0,581658,梦的勾结。,inq,https://movie.douban.com/subject/1865703/,2026-08-29 14:59:34
1306249,唐伯虎点秋香,8.8,1243156,导演: 李力持 Lik-Chi Lee 主演: 周星驰 Stephen Chow / 巩俐 Li Gong / 陈... 1993 / 中国香港 / 喜剧 爱情 古装,metadata,https://movie.douban.com/subject/1306249/,2026-08-29 14:59:34
6985810,狩猎,9.1,479543,人言可畏。,inq,https://movie.douban.com/subject/6985810/,2026-08-29 14:59:38
1297359,幽灵公主,8.9,679913,导演: 宫崎骏 Hayao Miyazaki 主演: 松田洋治 Yôji Matsuda / 石田百合... 1997 / 日本 / 动画 奇幻 冒险,metadata,https://movie.douban.com/subject/1297359/,2026-08-29 14:59:38
27010768,寄生虫,8.8,1567647,导演: 奉俊昊 Joon-ho Bong 主演: 宋康昊 Kang-ho Song / 李善均 Seon-gyun... 2019 / 韩国 / 剧情,metadata,https://movie.douban.com/subject/27010768/,2026-08-29 14:59:38
1305164,甜蜜蜜,8.9,685028,导演: 陈可辛 Peter Chan 主演: 黎明 Leon Lai / 张曼玉 Maggie Cheung / ... 1996 / 中国香港 / 剧情 爱情,metadata,https://movie.douban.com/subject/1305164/,2026-08-29 14:59:38
1428581,天书奇谭,9.2,343075,导演: 王树忱 Shuchen Wang / 钱运达 Yunda Qian 主演: 丁建华 Jianhua Din... 1983(中国大陆) / 2021 / 中国大陆 / 动画 奇幻,metadata,https://movie.douban.com/subject/1428581/,2026-08-29 14:59:38
3395373,蝙蝠侠：黑暗骑士崛起,8.9,828632,诺兰就是保证。,inq,https://movie.douban.com/subject/3395373/,2026-08-29 14:59:38
11026735,超能陆战队,8.8,1162338,Balalala~~~,inq,https://movie.douban.com/subject/11026735/,2026-08-29 14:59:38
1461403,茶馆,9.5,216877,导演: 谢添 Tian Xie 主演: 于是之 Shizhi Yu / 郑榕 Rong Zhen / 蓝天野 T... 1982(中国大陆) / 中国大陆 / 剧情 历史,metadata,https://movie.douban.com/subject/1461403/,2026-08-29 14:59:38
10777687,7号房的礼物,8.9,629702,《我是山姆》的《美丽人生》。,inq,https://movie.douban.com/subject/10777687/,2026-08-29 14:59:38
1297630,第六感,8.9,649928,导演: M·奈特·沙马兰 M. Night Shyamalan 主演: 布鲁斯·威利斯 Bruce Wi... 1999 / 美国 / 剧情 悬疑 惊悚,metadata,https://movie.douban.com/subject/1297630/,2026-08-29 14:59:38
1291990,爱在日落黄昏时,8.9,666858,九年后的重逢是世俗和责任的交叠，没了悸动和青涩，沧桑而温暖。,inq,https://movie.douban.com/subject/1291990/,2026-08-29 14:59:38
1296339,爱在黎明破晓前,8.8,816962,导演: 理查德·林克莱特 Richard Linklater 主演: 伊桑·霍克 Ethan Hawke ... 1995 / 美国 奥地利 瑞士 / 剧情 爱情,metadata,https://movie.douban.com/subject/1296339/,2026-08-29 14:59:38
10533913,头脑特工队,8.9,823711,愿我们都不用长大，每一座城堡都能永远存在。,inq,https://movie.douban.com/subject/10533913/,2026-08-29 14:59:38
1309055,哈利·波特与火焰杯,8.8,817463,导演: 迈克·内威尔 Mike Newell 主演: 丹尼尔·雷德克里夫 Daniel Radclif... 2005 / 英国 美国 / 悬疑 奇幻 冒险,metadata,https://movie.douban.com/subject/1309055/,2026-08-29 14:59:38
1395091,未麻的部屋,9.1,434561,导演: 今敏 Satoshi Kon 主演: 岩男润子 Junko Iwao / 松本梨香 Rica Matsu... 1997 / 日本 / 剧情 犯罪 动画 悬疑 惊悚,metadata,https://movie.douban.com/subject/1395091/,2026-08-29 14:59:38
1787291,被嫌弃的松子的一生,8.8,783062,以戏谑来戏谑戏谑。,inq,https://movie.douban.com/subject/1787291/,2026-08-29 14:59:38
1291999,重庆森林,8.8,935188,导演: 王家卫 Kar Wai Wong 主演: 林青霞 Brigitte Lin / 金城武 Takeshi K... 1994 / 中国香港 / 剧情 爱情,metadata,https://movie.douban.com/subject/1291999/,2026-08-29 14:59:38
4202302,借东西的小人阿莉埃蒂,8.9,637188,曾经的那段美好会沉淀为一辈子的记忆。,inq,https://movie.douban.com/subject/4202302/,2026-08-29 14:59:38
1293359,菊次郎的夏天,8.9,683799,导演: 北野武 Takeshi Kitano 主演: 北野武 Takeshi Kitano / 关口雄介 Yus... 1999 / 日本 / 剧情 喜剧,metadata,https://movie.douban.com/subject/1293359/,2026-08-29 14:59:38
2149806,入殓师,8.9,750095,死可能是一道门，逝去并不是终结，而是超越，走向下一程。,inq,https://movie.douban.com/subject/2149806/,2026-08-29 14:59:38
1418834,断背山,8.8,793601,每个人心中都有一座断背山。,inq,https://movie.douban.com/subject/1418834/,2026-08-29 14:59:38
1292370,剪刀手爱德华,8.7,1131112,导演: 蒂姆·波顿 Tim Burton 主演: 约翰尼·德普 Johnny Depp / 薇诺娜·... 1990 / 美国 / 剧情 爱情 奇幻,metadata,https://movie.douban.com/subject/1292370/,2026-08-29 14:59:38
1294639,勇敢的心,8.9,611742,导演: 梅尔·吉布森 Mel Gibson 主演: 梅尔·吉布森 Mel Gibson / 苏菲·玛... 1995 / 美国 / 动作 传记 剧情 历史 战争,metadata,https://movie.douban.com/subject/1294639/,2026-08-29 14:59:38
10577869,时空恋旅人,8.8,808114,把每天当作最后一天般珍惜度过，积极拥抱生活，就是幸福。,inq,https://movie.douban.com/subject/10577869/,2026-08-29 14:59:38
1858711,玩具总动员3,8.9,610810,跨度十五年的欢乐与泪水。,inq,https://movie.douban.com/subject/1858711/,2026-08-29 14:59:38
1418200,傲慢与偏见,8.7,956816,爱是摈弃傲慢与偏见之后的曙光。,inq,https://movie.douban.com/subject/1418200/,2026-08-29 14:59:43
2353023,驯龙高手,8.8,880020,和谐的生活离不开摸头与被摸头。,inq,https://movie.douban.com/subject/2353023/,2026-08-29 14:59:43
21318488,消失的爱人,8.7,1087699,年度最佳date movie。,inq,https://movie.douban.com/subject/21318488/,2026-08-29 14:59:43
1292337,无人知晓,9.1,378900,我的平常生活就是他人的幸福。,inq,https://movie.douban.com/subject/1292337/,2026-08-29 14:59:43
10437779,新世界,8.9,538872,要做就做得狠一点，这样才能活下去。,inq,https://movie.douban.com/subject/10437779/,2026-08-29 14:59:43
1297447,倩女幽魂,8.8,846054,导演: 程小东 Siu-Tung Ching 主演: 张国荣 Leslie Cheung / 王祖贤 Joey W... 1987 / 中国香港 / 爱情 奇幻 武侠 古装,metadata,https://movie.douban.com/subject/1297447/,2026-08-29 14:59:43
1291557,花样年华,8.8,820680,导演: 王家卫 Kar Wai Wong 主演: 张曼玉 Maggie Cheung / 梁朝伟 Tony Leu... 2000 / 中国香港 / 剧情 爱情,metadata,https://movie.douban.com/subject/1291557/,2026-08-29 14:59:43
26628357,一个叫欧维的男人决定去死,8.9,580287,惠及一生的美丽。,inq,https://movie.douban.com/subject/26628357/,2026-08-29 14:59:43
1828115,色，戒,8.7,979290,假戏真情，爱欲深海,inq,https://movie.douban.com/subject/1828115/,2026-08-29 14:59:43
1300992,完美的世界,9.1,365778,导演: 克林特·伊斯特伍德 Clint Eastwood 主演: 凯文·科斯特纳 Kevin Cos... 1993 / 美国 / 剧情 犯罪,metadata,https://movie.douban.com/subject/1300992/,2026-08-29 14:59:43
1291579,怪兽电力公司,8.8,782928,导演: 彼特·道格特 Pete Docter / 大卫·斯沃曼 David Silverman 主演: 约... 2001 / 美国 / 儿童 喜剧 动画 奇幻 冒险,metadata,https://movie.douban.com/subject/1291579/,2026-08-29 14:59:43
1294240,教父3,9.0,440551,导演: 弗朗西斯·福特·科波拉 Francis Ford Coppola 主演: 阿尔·帕西诺 A... 1990 / 美国 / 剧情 犯罪,metadata,https://movie.douban.com/subject/1294240/,2026-08-29 14:59:43
1297518,九品芝麻官,8.8,810719,导演: 王晶 Jing Wong 主演: 周星驰 Stephen Chow / 吴孟达 Man Tat Ng / ... 1994 / 中国香港 / 剧情 喜剧 古装,metadata,https://movie.douban.com/subject/1297518/,2026-08-29 14:59:43
25814705,小森林 夏秋篇,9.0,480287,那些静得只能听见呼吸的日子里，你明白孤独即生活。,inq,https://movie.douban.com/subject/25814705/,2026-08-29 14:59:43
1292215,天使爱美丽,8.7,1029883,导演: 让-皮埃尔·热内 Jean-Pierre Jeunet 主演: 奥黛丽·塔图 Audrey Tau... 2001 / 法国 德国 / 剧情 喜剧 爱情,metadata,https://movie.douban.com/subject/1292215/,2026-08-29 14:59:43
1291875,阳光灿烂的日子,8.8,704981,导演: 姜文 Wen Jiang 主演: 夏雨 Yu Xia / 宁静 Jing Ning / 陶虹 Hong Tao 1994 / 中国大陆 中国香港 / 剧情 爱情,metadata,https://movie.douban.com/subject/1291875/,2026-08-29 14:59:43
1307315,哪吒闹海,9.2,313919,导演: 王树忱 Shuchen Wang / 严定宪 Dingxian Yan 主演: 梁正晖 Zhenghui ... 1979 / 中国大陆 / 冒险 动画 奇幻,metadata,https://movie.douban.com/subject/1307315/,2026-08-29 14:59:43
1297052,侧耳倾听,8.9,527717,导演: 近藤喜文 Yoshifumi Kondo 主演: 本名阳子 Youko Honna / 小林桂树 K... 1995 / 日本 / 剧情 爱情 动画,metadata,https://movie.douban.com/subject/1297052/,2026-08-29 14:59:43
6307447,被解救的姜戈,8.8,704811,热血沸腾，那个低俗、性感的无耻混蛋又来了。,inq,https://movie.douban.com/subject/6307447/,2026-08-29 14:59:43
1292274,幸福终点站,8.8,651570,有时候幸福需要等一等。,inq,https://movie.douban.com/subject/1292274/,2026-08-29 14:59:43
26799731,请以你的名字呼唤我,8.8,838343,沉醉在电影的情感和视听氛围中无法自拔。,inq,https://movie.douban.com/subject/26799731/,2026-08-29 14:59:43
25986180,釜山行,8.6,1370249,揭露人性的丧尸题材力作。,inq,https://movie.douban.com/subject/25986180/,2026-08-29 14:59:43
3287562,神偷奶爸,8.7,1061532,Mr. I Don't Care其实也有Care的时候。,inq,https://movie.douban.com/subject/3287562/,2026-08-29 14:59:43
25814707,小森林 冬春篇,9.0,426182,尊敬他人，尊敬你生活的这片土地，明白孤独是人生的常态。,inq,https://movie.douban.com/subject/25814707/,2026-08-29 14:59:43
1303037,喜宴,9.0,441186,导演: 李安 Ang Lee 主演: 赵文瑄 Winston Chao / 归亚蕾 Ya-lei Kuei / 郎... 1993 / 中国台湾 美国 / 剧情 喜剧 爱情 同性 家庭,metadata,https://movie.douban.com/subject/1303037/,2026-08-29 14:59:43
5989818,萤火之森,8.8,622078,触不到的恋人。,inq,https://movie.douban.com/subject/5989818/,2026-08-29 14:59:46
4268598,告白,8.8,753843,没有一人完全善，也没有一人完全恶。,inq,https://movie.douban.com/subject/4268598/,2026-08-29 14:59:46
35426925,机器人之梦,9.1,463330,导演: 巴勃罗·贝格尔 Pablo Berger 主演: 伊万·拉班达 Ivan Labanda 2023 / 西班牙 法国 / 剧情 动画 音乐,metadata,https://movie.douban.com/subject/35426925/,2026-08-29 14:59:46
1295399,七武士,9.3,240930,导演: 黑泽明 Akira Kurosawa 主演: 三船敏郎 Toshirô Mifune / 志村乔 ... 1954 / 日本 / 动作 冒险 剧情,metadata,https://movie.douban.com/subject/1295399/,2026-08-29 14:59:46
4920389,头号玩家,8.6,1537545,写给影迷，动漫迷和游戏迷的一封情书。,inq,https://movie.douban.com/subject/4920389/,2026-08-29 14:59:46
3072124,玛丽和麦克斯,9.0,477057,你是我最好的朋友，你是我唯一的朋友 。,inq,https://movie.douban.com/subject/3072124/,2026-08-29 14:59:46
10463953,模仿游戏,8.8,729323,他给机器起名“克里斯托弗”，因为这是他初恋的名字。,inq,https://movie.douban.com/subject/10463953/,2026-08-29 14:59:46
1293181,惊魂记,9.0,364453,导演: 阿尔弗雷德·希区柯克 Alfred Hitchcock 主演: 安东尼·博金斯 Antho... 1960 / 美国 / 悬疑 惊悚 恐怖,metadata,https://movie.douban.com/subject/1293181/,2026-08-29 14:59:46
24733428,心灵奇旅,8.7,1162736,导演: 彼特·道格特 Pete Docter / 凯普·鲍尔斯 Kemp Powers 主演: 杰米·... 2020 / 美国 / 动画 奇幻 音乐,metadata,https://movie.douban.com/subject/24733428/,2026-08-29 14:59:46
1291545,大鱼,8.8,634643,导演: 蒂姆·波顿 Tim Burton 主演: 伊万·麦克格雷格 Ewan McGregor / 阿... 2003 / 美国 / 剧情 爱情 奇幻 冒险,metadata,https://movie.douban.com/subject/1291545/,2026-08-29 14:59:46
1307856,背靠背，脸对脸,9.4,185923,导演: 黄建新 Jianxin Huang / 杨亚洲 Yazhou Yang 主演: 牛振华 Zhenhua N... 1994 / 中国大陆 中国香港 / 剧情,metadata,https://movie.douban.com/subject/1307856/,2026-08-29 14:59:46
26683290,你的名字。,8.5,1617457,穿越错位的时空，仰望陨落的星辰，你没留下你的名字，我却无法忘记那句“我爱你”。,inq,https://movie.douban.com/subject/26683290/,2026-08-29 14:59:46
26325320,血战钢锯岭,8.7,870872,优秀的战争片不会美化战场，不会粉饰死亡，不会矮化敌人，不会无视常识，最重要的，不会宣扬战争。,inq,https://movie.douban.com/subject/26325320/,2026-08-29 14:59:46
1316510,射雕英雄传之东成西就,8.7,727370,导演: 刘镇伟 Jeffrey Lau 主演: 梁朝伟 Tony Leung Chiu Wai / 林青霞 Bri... 1993 / 中国香港 / 喜剧 奇幻 武侠 古装,metadata,https://movie.douban.com/subject/1316510/,2026-08-29 14:59:46
1291992,末路狂花,9.0,361383,导演: 雷德利·斯科特 Ridley Scott 主演: 吉娜·戴维斯 Geena Davis / 苏... 1991 / 美国 英国 法国 / 剧情 喜剧 犯罪,metadata,https://movie.douban.com/subject/1291992/,2026-08-29 14:59:46
1422283,高山下的花环,9.5,168478,导演: 谢晋 Jin Xie 主演: 吕晓禾 Xiaohe Lü / 唐国强 Guoqiang Tang / 何... 1984(中国大陆) / 1985 / 中国大陆 / 剧情 战争,metadata,https://movie.douban.com/subject/1422283/,2026-08-29 14:59:46
1306861,我是山姆,9.0,382692,导演: 杰茜·尼尔森 Jessie Nelson 主演: Sean Penn / Dakota Fanning / Mi... 2001 / 美国 / 剧情 家庭,metadata,https://movie.douban.com/subject/1306861/,2026-08-29 14:59:46
4917726,阳光姐妹淘,8.8,646075,再多各自牛逼的时光，也比不上一起傻逼的岁月。,inq,https://movie.douban.com/subject/4917726/,2026-08-29 14:59:46
1302467,黑客帝国3：矩阵革命,8.8,504568,导演: 拉娜·沃卓斯基 Lana Wachowski / 莉莉·沃卓斯基 Lilly Wachowski ... 2003 / 美国 / 动作 科幻,metadata,https://movie.douban.com/subject/1302467/,2026-08-29 14:59:46
21360417,恐怖直播,8.7,738158,恐怖分子的“秋菊打官司”。,inq,https://movie.douban.com/subject/21360417/,2026-08-29 14:59:46
27119724,小丑,8.7,1137946,导演: 托德·菲利普斯 Todd Phillips 主演: 杰昆·菲尼克斯 Joaquin Phoeni... 2019 / 美国 加拿大 / 剧情 犯罪 惊悚,metadata,https://movie.douban.com/subject/27119724/,2026-08-29 14:59:46
1578507,谍影重重3,8.9,479610,像吃了苏打饼一样干脆的电影。,inq,https://movie.douban.com/subject/1578507/,2026-08-29 14:59:46
1307106,无间道2,8.8,579426,导演: 刘伟强 Andrew Lau / 麦兆辉 Alan Mak 主演: 陈冠希 Edison Chen / ... 2003 / 中国香港 / 剧情 犯罪 惊悚,metadata,https://movie.douban.com/subject/1307106/,2026-08-29 14:59:46
26611804,三块广告牌,8.7,932534,怼天怼地，你走后，她与世界为敌。,inq,https://movie.douban.com/subject/26611804/,2026-08-29 14:59:46
1417598,电锯惊魂,8.7,624565,真相就在眼前。,inq,https://movie.douban.com/subject/1417598/,2026-08-29 14:59:46
1793929,达拉斯买家俱乐部,8.8,513646,Jared Leto的腿比女人还美！,inq,https://movie.douban.com/subject/1793929/,2026-08-29 14:59:50
1907966,疯狂原始人,8.7,933174,老少皆宜，这就是好莱坞动画的魅力。,inq,https://movie.douban.com/subject/1907966/,2026-08-29 14:59:50
1862151,疯狂的石头,8.6,940351,中国版《两杆大烟枪》。,inq,https://movie.douban.com/subject/1862151/,2026-08-29 14:59:50
1300374,绿里奇迹,8.9,395664,导演: 弗兰克·德拉邦特 Frank Darabont 主演: 汤姆·汉克斯 Tom Hanks / ... 1999 / 美国 / 犯罪 剧情 奇幻 悬疑,metadata,https://movie.douban.com/subject/1300374/,2026-08-29 14:59:50
10808442,爱在午夜降临前,8.8,484896,所谓爱情，就是话唠一路，都不会心生腻烦，彼此嫌弃。,inq,https://movie.douban.com/subject/10808442/,2026-08-29 14:59:50
1293460,雨中曲,9.1,274836,导演: 斯坦利·多南 Stanley Donen / 吉恩·凯利 Gene Kelly 主演: 吉恩·... 1952 / 美国 / 喜剧 歌舞 爱情,metadata,https://movie.douban.com/subject/1293460/,2026-08-29 14:59:50
1292226,2001太空漫游,8.9,406476,导演: 斯坦利·库布里克 Stanley Kubrick 主演: 凯尔·杜拉 Keir Dullea / ... 1968 / 英国 美国 / 科幻 惊悚 冒险,metadata,https://movie.douban.com/subject/1292226/,2026-08-29 14:59:50
25895901,海街日记,8.8,532691,是枝裕和的家庭习作。,inq,https://movie.douban.com/subject/25895901/,2026-08-29 14:59:50
25917973,心迷宫,8.7,629568,荒诞讽刺，千奇百巧，抽丝剥茧，百转千回。,inq,https://movie.douban.com/subject/25917973/,2026-08-29 14:59:50
1292208,上帝之城,9.0,338198,导演: 费尔南多·梅里尔斯 Fernando Meirelles / 卡迪亚·兰德 Kátia Lund &nbsp... 2002 / 巴西 法国 / 犯罪 剧情,metadata,https://movie.douban.com/subject/1292208/,2026-08-29 14:59:50
1291585,风之谷,8.9,398617,导演: 宫崎骏 Hayao Miyazaki 主演: 岛本须美 Sumi Shimamoto / 松田洋治 Y... 1984 / 日本 / 动画 奇幻 冒险,metadata,https://movie.douban.com/subject/1291585/,2026-08-29 14:59:50
1304447,记忆碎片,8.7,720613,导演: 克里斯托弗·诺兰 Christopher Nolan 主演: 盖·皮尔斯 Guy Pearce /... 2000 / 美国 / 犯罪 剧情 悬疑 惊悚,metadata,https://movie.douban.com/subject/1304447/,2026-08-29 14:59:50
1297574,英雄本色,8.6,615433,导演: 吴宇森 John Woo 主演: 周润发 Yun-Fat Chow / 狄龙 Lung Ti / 张国... 1986 / 中国香港 / 剧情 动作 犯罪,metadata,https://movie.douban.com/subject/1297574/,2026-08-29 14:59:50
1295409,纵横四海,8.8,495986,导演: 吴宇森 John Woo 主演: 周润发 Yun-Fat Chow / 张国荣 Leslie Cheung... 1991 / 中国香港 / 剧情 喜剧 动作 犯罪,metadata,https://movie.douban.com/subject/1295409/,2026-08-29 14:59:50
3011051,恐怖游轮,8.5,1054732,不要企图在重复中寻找已经失去的爱。,inq,https://movie.douban.com/subject/3011051/,2026-08-29 14:59:50
6534248,无敌破坏王,8.7,621622,迪士尼和皮克斯拿错剧本的产物。,inq,https://movie.douban.com/subject/6534248/,2026-08-29 14:59:50
1297880,芙蓉镇,9.3,197290,导演: 谢晋 Jin Xie 主演: 刘晓庆 Xiaoqing Liu / 姜文 Wen Jiang / 郑在石... 1987 / 中国大陆 / 剧情 爱情,metadata,https://movie.douban.com/subject/1297880/,2026-08-29 14:59:50
1307811,魔女宅急便,8.8,533736,导演: 宫崎骏 Hayao Miyazaki 主演: 高山南 Minami Takayama / 佐久间玲 Re... 1989 / 日本 / 动画 奇幻 冒险,metadata,https://movie.douban.com/subject/1307811/,2026-08-29 14:59:50
1292329,牯岭街少年杀人事件,8.9,379496,导演: 杨德昌 Edward Yang 主演: 张震 Chen Chang / 杨静怡 Lisa Yang / 张... 1991 / 中国台湾 / 剧情 犯罪,metadata,https://movie.douban.com/subject/1292329/,2026-08-29 14:59:50
27622447,小偷家族,8.7,905680,我们组成了家。,inq,https://movie.douban.com/subject/27622447/,2026-08-29 14:59:50
1291822,卢旺达饭店,8.9,373196,当这个世界闭上双眼，他却敞开了怀抱。,inq,https://movie.douban.com/subject/1291822/,2026-08-29 14:59:50
1310177,东京教父,9.0,298400,导演: 今敏 Satoshi Kon 主演: 江守彻 Toru Emori / 梅垣义明 Yoshiaki Ume... 2003 / 日本 / 剧情 喜剧 动画,metadata,https://movie.douban.com/subject/1310177/,2026-08-29 14:59:50
1291578,冰川时代,8.7,695115,导演: 卡洛斯·沙尔丹哈 Carlos Saldanha / 克里斯·韦奇 Chris Wedge 主演... 2002 / 美国 / 喜剧 动画 冒险,metadata,https://movie.douban.com/subject/1291578/,2026-08-29 14:59:50
1959195,忠犬八公物语,9.2,222327,导演: 神山征二郎 Seijirô Kôyama 主演: 仲代达矢 Tatsuya Nakadai /... 1987 / 日本 / 剧情,metadata,https://movie.douban.com/subject/1959195/,2026-08-29 14:59:50
3792799,岁月神偷,8.7,618058,岁月流逝，来日可追。,inq,https://movie.douban.com/subject/3792799/,2026-08-29 14:59:50
1867345,遗愿清单,8.7,550830,用剩余不多的时间，去燃烧整个生命。,inq,https://movie.douban.com/subject/1867345/,2026-08-29 14:59:53
2133323,白日梦想家,8.6,669847,导演: 本·斯蒂勒 Ben Stiller 主演: 本·斯蒂勒 Ben Stiller / 克里斯汀·... 2013 / 美国 英国 / 剧情 喜剧 冒险,metadata,https://movie.douban.com/subject/2133323/,2026-08-29 14:59:53
27059130,大佛普拉斯,8.7,565973,人们可以登上月球，却永远无法探索人们内心的宇宙。,inq,https://movie.douban.com/subject/27059130/,2026-08-29 14:59:53
34874432,花束般的恋爱,8.6,851735,导演: 土井裕泰 Nobuhiro Doi 主演: 菅田将晖 Masaki Suda / 有村架纯 Kasu... 2021 / 日本 / 剧情 爱情,metadata,https://movie.douban.com/subject/34874432/,2026-08-29 14:59:53
3075287,源代码,8.6,940963,邓肯·琼斯继《月球》之后再度奉献出一部精彩绝伦的科幻佳作。,inq,https://movie.douban.com/subject/3075287/,2026-08-29 14:59:53
25934014,爱乐之城,8.4,1146824,导演: 达米恩·查泽雷 Damien Chazelle 主演: 瑞恩·高斯林 Ryan Gosling /... 2016 / 美国 / 剧情 爱情 歌舞,metadata,https://movie.douban.com/subject/25934014/,2026-08-29 14:59:53
24750126,荒蛮故事,8.7,526847,始于荒诞，止于更荒诞。,inq,https://movie.douban.com/subject/24750126/,2026-08-29 14:59:53
3592854,疯狂的麦克斯4：狂暴之路,8.7,628435,“多么美好的一天！”轰轰轰砰咚，啪哒哒哒轰隆隆，磅~,inq,https://movie.douban.com/subject/3592854/,2026-08-29 14:59:53
1308857,可可西里,8.9,352184,坚硬的信仰。,inq,https://movie.douban.com/subject/1308857/,2026-08-29 14:59:53
4848115,你看起来好像很好吃,8.9,381984,感情不分食草或者食肉。,inq,https://movie.douban.com/subject/4848115/,2026-08-29 14:59:53
5300054,波西米亚狂想曲,8.6,702024,导演: 布莱恩·辛格 Bryan Singer 主演: 拉米·马雷克 Rami Malek / 本·哈... 2018 / 英国 美国 / 剧情 传记 同性 音乐,metadata,https://movie.douban.com/subject/5300054/,2026-08-29 14:59:53
2209573,贫民窟的百万富翁,8.6,814677,上帝之城+猜火车+阿甘正传+开心辞典=山寨富翁,inq,https://movie.douban.com/subject/2209573/,2026-08-29 14:59:53
1293908,城市之光,9.3,176816,导演: 查理·卓别林 Charles Chaplin 主演: 查理·卓别林 Charles Chaplin ... 1931 / 美国 / 喜剧 剧情 爱情,metadata,https://movie.douban.com/subject/1293908/,2026-08-29 14:59:53
1293323,大红灯笼高高挂,8.8,385694,导演: 张艺谋 Yimou Zhang 主演: 巩俐 Li Gong / 马精武 Jingwu Ma / 何赛... 1991 / 中国大陆 中国香港 中国台湾 / 剧情,metadata,https://movie.douban.com/subject/1293323/,2026-08-29 14:59:53
2051007,哈利·波特与死亡圣器(上),8.6,710797,最忠于原著的一部。,inq,https://movie.douban.com/subject/2051007/,2026-08-29 14:59:53
1438652,无耻混蛋,8.7,574806,昆汀同学越来越变态了，比北野武还杜琪峰。,inq,https://movie.douban.com/subject/1438652/,2026-08-29 14:59:53
25773932,爆裂鼓手,8.6,703791,这个世界从不善待努力的人，努力了也不一定会成功，但是知道自己在努力，就是活下去的动力。,inq,https://movie.douban.com/subject/25773932/,2026-08-29 14:59:53
1291844,终结者2：审判日,8.8,393902,导演: 詹姆斯·卡梅隆 James Cameron 主演: 阿诺·施瓦辛格 Arnold Schwarz... 1991 / 美国 法国 / 动作 科幻,metadata,https://movie.douban.com/subject/1291844/,2026-08-29 14:59:53
1303394,青蛇,8.6,609674,导演: 徐克 Hark Tsui 主演: 张曼玉 Maggie Cheung / 王祖贤 Joey Wang / ... 1993 / 中国香港 中国大陆 / 剧情 爱情 奇幻 古装,metadata,https://movie.douban.com/subject/1303394/,2026-08-29 14:59:53
1292328,东邪西毒,8.6,643134,导演: 王家卫 Kar Wai Wong 主演: 张国荣 Leslie Cheung / 林青霞 Brigitte... 1994 / 中国香港 中国台湾 / 剧情 动作 爱情 武侠 古装,metadata,https://movie.douban.com/subject/1292328/,2026-08-29 14:59:53
1978709,黑天鹅,8.6,856864,黑暗之美。,inq,https://movie.douban.com/subject/1978709/,2026-08-29 14:59:53
1292287,新龙门客栈,8.7,519376,导演: 李惠民 Raymond Lee 主演: 张曼玉 Maggie Cheung / 林青霞 Brigitte ... 1992 / 中国香港 中国大陆 / 动作 爱情 武侠 古装,metadata,https://movie.douban.com/subject/1292287/,2026-08-29 14:59:53
4739952,初恋这件小事,8.5,1062024,黑小鸭速效美白记。,inq,https://movie.douban.com/subject/4739952/,2026-08-29 14:59:53
1300117,千钧一发,8.8,360259,导演: 安德鲁·尼科尔 Andrew Niccol 主演: 伊桑·霍克 Ethan Hawke / 乌玛... 1997 / 美国 / 剧情 科幻 惊悚,metadata,https://movie.douban.com/subject/1300117/,2026-08-29 14:59:53
1302827,人工智能,8.7,512568,导演: 史蒂文·斯皮尔伯格 Steven Spielberg 主演: 海利·乔·奥斯蒙 Haley... 2001 / 美国 / 剧情 科幻,metadata,https://movie.douban.com/subject/1302827/,2026-08-29 14:59:53
1959877,崖上的波妞,8.6,585981,导演: 宫崎骏 Hayao Miyazaki 主演: 奈良柚莉爱 Yuria Nara / 土井洋辉 Hir... 2008 / 日本 / 动画 奇幻 冒险,metadata,https://movie.douban.com/subject/1959877/,2026-08-29 14:59:57
1296909,虎口脱险,8.9,302105,导演: 杰拉尔·乌里 Gérard Oury 主演: 路易·德·菲耐斯 Louis de Funès... 1966 / 法国 英国 / 喜剧 战争,metadata,https://movie.douban.com/subject/1296909/,2026-08-29 14:59:57
25807345,彗星来的那一夜,8.6,702610,小成本大魅力。,inq,https://movie.douban.com/subject/25807345/,2026-08-29 14:59:57
1457217,哈利·波特与凤凰社,8.6,711159,导演: 大卫·叶茨 David Yates 主演: 丹尼尔·雷德克里夫 Daniel Radcliffe... 2007 / 英国 美国 / 奇幻 冒险,metadata,https://movie.douban.com/subject/1457217/,2026-08-29 14:59:57
1291870,雨人,8.7,448573,导演: 巴瑞·莱文森 Barry Levinson 主演: 达斯汀·霍夫曼 Dustin Hoffman ... 1988 / 美国 / 剧情,metadata,https://movie.douban.com/subject/1291870/,2026-08-29 14:59:57
25980443,海边的曼彻斯特,8.6,668436,我们都有权利不与自己的过去和解。,inq,https://movie.douban.com/subject/25980443/,2026-08-29 14:59:57
1291879,罗生门,8.8,364660,导演: 黑泽明 Akira Kurosawa 主演: 三船敏郎 Toshirô Mifune / 京町子 ... 1950 / 日本 / 剧情 犯罪 悬疑,metadata,https://movie.douban.com/subject/1291879/,2026-08-29 14:59:57
25864085,火星救援,8.5,856622,导演: 雷德利·斯科特 Ridley Scott 主演: 马特·达蒙 Matt Damon / 杰西卡... 2015 / 英国 美国 匈牙利 约旦 / 剧情 科幻 冒险,metadata,https://movie.douban.com/subject/25864085/,2026-08-29 14:59:57
1309163,恋恋笔记本,8.5,761041,爱情没有那么多借口，如果不能圆满，只能说明爱的不够。,inq,https://movie.douban.com/subject/1309163/,2026-08-29 14:59:57
4202982,冰雪奇缘,8.5,852965,导演: 克里斯·巴克 Chris Buck / 珍妮弗·李 Jennifer Lee 主演: 克里斯汀... 2013 / 美国 / 喜剧 动画 奇幻 歌舞,metadata,https://movie.douban.com/subject/4202982/,2026-08-29 14:59:57
1292401,真爱至上,8.5,816207,导演: 理查德·柯蒂斯 Richard Curtis 主演: 休·格兰特 Hugh Grant / 连姆... 2003 / 英国 美国 法国 / 喜剧 剧情 爱情,metadata,https://movie.douban.com/subject/1292401/,2026-08-29 14:59:57
1304141,黑客帝国2：重装上阵,8.7,463516,导演: 拉娜·沃卓斯基 Lana Wachowski / 莉莉·沃卓斯基 Lilly Wachowski ... 2003 / 美国 / 动作 科幻,metadata,https://movie.douban.com/subject/1304141/,2026-08-29 14:59:57
2222996,步履不停,8.8,335342,日本的家庭电影已经是世界巅峰了，步履不停是巅峰中的佳作。,inq,https://movie.douban.com/subject/2222996/,2026-08-29 14:59:57
26374197,蜘蛛侠：平行宇宙,8.6,772345,导演: 鲍勃·佩尔西凯蒂 Bob Persichetti / 彼得·拉姆齐 Peter Ramsey 主... 2018 / 美国 / 动作 科幻 动画 冒险,metadata,https://movie.douban.com/subject/26374197/,2026-08-29 14:59:57
1307394,千年女优,8.8,324422,导演: 今敏 Satoshi Kon 主演: 庄司美代子 Miyoko Shôji / 小山茉美 Mam... 2001 / 日本 / 动画 剧情 爱情,metadata,https://movie.douban.com/subject/1307394/,2026-08-29 14:59:57
26787574,奇迹男孩,8.6,607744,世界不完美，爱会有奇迹。,inq,https://movie.douban.com/subject/26787574/,2026-08-29 14:59:57
1308767,谍影重重2,8.7,408298,谁说王家卫镜头很晃？,inq,https://movie.douban.com/subject/1308767/,2026-08-29 14:59:57
1419936,战争之王,8.7,422162,做一颗让别人需要你的棋子。,inq,https://movie.douban.com/subject/1419936/,2026-08-29 14:59:57
1291936,攻壳机动队,9.0,225160,导演: 押井守 Mamoru Oshii 主演: 田中敦子 Atsuko Tanaka / 大冢明夫 Akio... 1995 / 日本 / 动作 科幻 动画,metadata,https://movie.douban.com/subject/1291936/,2026-08-29 14:59:57
1428175,血钻,8.7,428143,每个美丽事物背后都是滴血的现实。,inq,https://movie.douban.com/subject/1428175/,2026-08-29 14:59:57
25977027,小姐,8.6,592755,导演: 朴赞郁 Chan-wook Park 主演: 金敏喜 Min-hee Kim / 金泰梨 Tae-ri K... 2016 / 韩国 / 剧情 悬疑 情色 同性,metadata,https://movie.douban.com/subject/25977027/,2026-08-29 14:59:57
27113517,血观音,8.6,582158,导演: 杨雅喆 Ya-che Yang 主演: 惠英红 Kara Wai Ying Hung / 吴可熙 Wu K... 2017 / 中国台湾 / 剧情 悬疑,metadata,https://movie.douban.com/subject/27113517/,2026-08-29 14:59:57
26615208,隐藏人物,8.9,280185,导演: 特奥多尔·梅尔菲 Theodore Melfi 主演: 塔拉吉·P·汉森 Taraji P. ... 2016 / 美国 / 剧情 传记 历史,metadata,https://movie.douban.com/subject/26615208/,2026-08-29 14:59:57
1293964,魂断蓝桥,8.8,315240,导演: 茂文·勒鲁瓦 Mervyn LeRoy 主演: 费雯·丽 Vivien Leigh / 罗伯特·... 1940 / 美国 / 剧情 爱情 战争,metadata,https://movie.douban.com/subject/1293964/,2026-08-29 14:59:57
25724855,房间,8.7,404531,被偷走的岁月，被伤害的生命，被禁锢的灵魂，终将被希望和善意救赎。,inq,https://movie.douban.com/subject/25724855/,2026-08-29 14:59:57
